<?xml version="1.0" encoding="UTF-8" standalone="yes"?>
<features xmlns="http://karaf.apache.org/xmlns/features/v1.4.0" name="sdnr-wt-devicemodel">
    <feature name="sdnr-wt-devicemodel" description="ccsdk-features-sdnr-wt :: sdnr-wt-devicemodel :: feature" version="0.4.0.SNAPSHOT">
        <details>Root POM to be used in place of odlparent for CCSDK based projects</details>
        <feature prerequisite="true" dependency="false">wrap</feature>
        <bundle>wrap:mvn:org.onap.ccsdk.features.sdnr.wt/sdnr-wt-devicemodel-model/0.4.0-SNAPSHOT</bundle>
        <bundle>mvn:org.opendaylight.mdsal.model/ietf-topology/2013.10.21.12.3</bundle>
        <bundle>mvn:org.opendaylight.mdsal.model/ietf-inet-types-2013-07-15/1.4.3</bundle>
        <bundle>mvn:org.opendaylight.mdsal.model/ietf-type-util/2.0.3</bundle>
        <bundle>mvn:org.opendaylight.mdsal.model/ietf-yang-types-20130715/2013.07.15.12.3</bundle>
        <bundle>mvn:org.opendaylight.mdsal.model/yang-ext/2013.09.07.12.3</bundle>
        <bundle>mvn:org.opendaylight.controller/config-api/0.8.3</bundle>
        <bundle>mvn:org.opendaylight.yangtools/yang-common/2.0.6.1</bundle>
        <bundle>mvn:org.opendaylight.mdsal/yang-binding/0.12.3</bundle>
        <bundle>mvn:org.opendaylight.yangtools/concepts/2.0.6.1</bundle>
        <bundle>mvn:org.opendaylight.yangtools/util/2.0.6.1</bundle>
        <bundle>mvn:org.opendaylight.yangtools/triemap/1.0.6.1</bundle>
        <bundle>mvn:com.google.guava/guava/23.6.1-jre</bundle>
        <bundle>wrap:mvn:org.checkerframework/checker-compat-qual/2.0.0</bundle>
        <bundle>wrap:mvn:com.google.errorprone/error_prone_annotations/2.1.3</bundle>
        <bundle>wrap:mvn:com.google.j2objc/j2objc-annotations/1.1</bundle>
        <bundle>wrap:mvn:org.codehaus.mojo/animal-sniffer-annotations/1.14</bundle>
    </feature>
</features>
