<?xml version="1.0" encoding="UTF-8" standalone="yes"?>
<features xmlns="http://karaf.apache.org/xmlns/features/v1.4.0" name="sdnr-wt-apigateway">
    <feature name="sdnr-wt-apigateway" description="ccsdk-features-sdnr-wt :: sdnr-wt-apigateway :: feature" version="0.4.0.SNAPSHOT">
        <details>Root POM to be used in place of odlparent for CCSDK based projects</details>
        <feature prerequisite="true" dependency="false">wrap</feature>
        <bundle>wrap:mvn:org.onap.ccsdk.features.sdnr.wt/sdnr-wt-apigateway-provider/0.4.0-SNAPSHOT</bundle>
        <bundle>wrap:mvn:javax.servlet/servlet-api/2.5</bundle>
        <bundle>wrap:mvn:org.json/json/20131018</bundle>
    </feature>
</features>
