<?xml version="1.0" encoding="UTF-8"?>
<metadata modelVersion="1.1.0">
  <groupId>org.onap.ccsdk.features.sdnr.wt</groupId>
  <artifactId>sdnr-wt-apigateway</artifactId>
  <version>0.3.2-SNAPSHOT</version>
  <versioning>
    <snapshot>
      <localCopy>true</localCopy>
    </snapshot>
    <lastUpdated>20181113182317</lastUpdated>
    <snapshotVersions>
      <snapshotVersion>
        <classifier>features</classifier>
        <extension>xml</extension>
        <value>0.3.2-SNAPSHOT</value>
        <updated>20181113182317</updated>
      </snapshotVersion>
    </snapshotVersions>
  </versioning>
</metadata>
