<?xml version="1.0" encoding="UTF-8" standalone="yes"?>
<features xmlns="http://karaf.apache.org/xmlns/features/v1.4.0" name="sdnr-wt-websocketmanager">
    <feature name="sdnr-wt-websocketmanager" description="ccsdk-features-sdnr-wt :: sdnr-wt-websocketmanager :: feature" version="0.4.0.SNAPSHOT">
        <details>Root POM to be used in place of odlparent for CCSDK based projects</details>
        <feature prerequisite="true" dependency="false">wrap</feature>
        <bundle>wrap:mvn:org.onap.ccsdk.features.sdnr.wt/sdnr-wt-websocketmanager-provider/0.4.0-SNAPSHOT</bundle>
        <bundle>mvn:org.opendaylight.controller/sal-binding-config/1.7.3</bundle>
        <bundle>mvn:org.opendaylight.controller/sal-dom-config/1.7.3</bundle>
        <bundle>mvn:org.opendaylight.controller/sal-core-spi/1.7.3</bundle>
        <bundle>mvn:org.opendaylight.mdsal/mdsal-dom-spi/2.4.3</bundle>
        <bundle>mvn:org.opendaylight.mdsal/mdsal-singleton-dom-impl/2.4.3</bundle>
        <bundle>mvn:org.opendaylight.mdsal/mdsal-eos-dom-api/2.4.3</bundle>
        <bundle>mvn:org.opendaylight.mdsal/mdsal-eos-common-api/2.4.3</bundle>
        <bundle>mvn:org.opendaylight.mdsal/mdsal-singleton-common-api/2.4.3</bundle>
        <bundle>mvn:org.opendaylight.controller/sal-binding-broker-impl/1.7.3</bundle>
        <bundle>mvn:org.javassist/javassist/3.22.0-GA</bundle>
        <bundle>mvn:org.opendaylight.controller/sal-binding-util/1.7.3</bundle>
        <bundle>mvn:org.opendaylight.controller/sal-broker-impl/1.7.3</bundle>
        <bundle>mvn:com.lmax/disruptor/3.3.10</bundle>
        <bundle>mvn:org.opendaylight.mdsal/mdsal-dom-broker/2.4.3</bundle>
        <bundle>mvn:org.opendaylight.mdsal/mdsal-dom-inmemory-datastore/2.4.3</bundle>
        <bundle>mvn:org.opendaylight.controller/sal-inmemory-datastore/1.7.3</bundle>
        <bundle>mvn:org.opendaylight.controller/sal-common-impl/1.7.3</bundle>
        <bundle>mvn:org.opendaylight.mdsal/mdsal-binding-generator-impl/0.12.3</bundle>
        <bundle>mvn:org.opendaylight.mdsal/mdsal-binding-generator-util/0.12.3</bundle>
        <bundle>mvn:org.opendaylight.yangtools/yang-parser-impl/2.0.6.1</bundle>
        <bundle>mvn:org.opendaylight.yangtools/yang-parser-api/2.0.6.1</bundle>
        <bundle>mvn:org.opendaylight.yangtools/yang-parser-reactor/2.0.6.1</bundle>
        <bundle>mvn:org.opendaylight.yangtools/yang-parser-spi/2.0.6.1</bundle>
        <bundle>mvn:org.opendaylight.yangtools/yang-parser-rfc7950/2.0.6.1</bundle>
        <bundle>mvn:org.opendaylight.yangtools/odlext-parser-support/2.0.6.1</bundle>
        <bundle>mvn:org.opendaylight.yangtools/openconfig-model-api/2.0.6.1</bundle>
        <bundle>mvn:org.opendaylight.yangtools/openconfig-parser-support/2.0.6.1</bundle>
        <bundle>mvn:org.opendaylight.yangtools/rfc6536-model-api/2.0.6.1</bundle>
        <bundle>mvn:org.opendaylight.yangtools/rfc6536-parser-support/2.0.6.1</bundle>
        <bundle>mvn:org.opendaylight.yangtools/rfc7952-model-api/2.0.6.1</bundle>
        <bundle>mvn:org.opendaylight.yangtools/rfc7952-parser-support/2.0.6.1</bundle>
        <bundle>mvn:org.opendaylight.yangtools/rfc8040-model-api/2.0.6.1</bundle>
        <bundle>mvn:org.opendaylight.yangtools/rfc8040-parser-support/2.0.6.1</bundle>
        <bundle>mvn:org.opendaylight.mdsal/mdsal-binding-dom-adapter/2.4.3</bundle>
        <bundle>mvn:org.opendaylight.mdsal/mdsal-binding-api/2.4.3</bundle>
        <bundle>mvn:org.opendaylight.mdsal.model/general-entity/0.12.3</bundle>
        <bundle>mvn:org.opendaylight.mdsal/mdsal-binding-util/2.4.3</bundle>
        <bundle>mvn:org.opendaylight.yangtools/yang-data-impl/2.0.6.1</bundle>
        <bundle>mvn:org.antlr/antlr4-runtime/4.7.1</bundle>
        <bundle>mvn:org.opendaylight.yangtools/yang-model-util/2.0.6.1</bundle>
        <bundle>mvn:org.opendaylight.mdsal/mdsal-binding-dom-codec/0.12.3</bundle>
        <bundle>mvn:org.opendaylight.mdsal/mdsal-binding-generator-api/0.12.3</bundle>
        <bundle>mvn:org.apache.commons/commons-lang3/3.7</bundle>
        <bundle>mvn:org.opendaylight.mdsal.model/ietf-yang-types-20130715/2013.07.15.12.3</bundle>
        <bundle>mvn:org.opendaylight.controller/sal-binding-api/1.7.3</bundle>
        <bundle>mvn:com.google.guava/guava/23.6.1-jre</bundle>
        <bundle>wrap:mvn:org.checkerframework/checker-compat-qual/2.0.0</bundle>
        <bundle>wrap:mvn:com.google.errorprone/error_prone_annotations/2.1.3</bundle>
        <bundle>wrap:mvn:com.google.j2objc/j2objc-annotations/1.1</bundle>
        <bundle>wrap:mvn:org.codehaus.mojo/animal-sniffer-annotations/1.14</bundle>
        <bundle>mvn:org.opendaylight.controller/sal-common-api/1.7.3</bundle>
        <bundle>mvn:org.opendaylight.yangtools/concepts/2.0.6.1</bundle>
        <bundle>mvn:org.opendaylight.controller/sal-common-util/1.7.3</bundle>
        <bundle>mvn:org.opendaylight.yangtools/yang-data-util/2.0.6.1</bundle>
        <bundle>mvn:org.opendaylight.yangtools/odlext-model-api/2.0.6.1</bundle>
        <bundle>mvn:org.opendaylight.controller/sal-core-api/1.7.3</bundle>
        <bundle>mvn:org.opendaylight.yangtools/yang-data-api/2.0.6.1</bundle>
        <bundle>mvn:org.opendaylight.yangtools/yang-model-api/2.0.6.1</bundle>
        <bundle>mvn:org.opendaylight.mdsal/mdsal-dom-api/2.4.3</bundle>
        <bundle>mvn:org.opendaylight.mdsal/mdsal-common-api/2.4.3</bundle>
        <bundle>wrap:mvn:io.netty/netty-all/4.1.22.Final</bundle>
        <bundle>mvn:io.netty/netty-transport/4.1.22.Final</bundle>
        <bundle>mvn:io.netty/netty-buffer/4.1.22.Final</bundle>
        <bundle>mvn:io.netty/netty-common/4.1.22.Final</bundle>
        <bundle>mvn:io.netty/netty-resolver/4.1.22.Final</bundle>
        <bundle>wrap:mvn:org.json/json/20131018</bundle>
        <bundle>mvn:com.typesafe.akka/akka-actor_2.12/2.5.11</bundle>
        <bundle>mvn:org.scala-lang/scala-library/2.12.6</bundle>
        <bundle>mvn:com.typesafe/config/1.3.2</bundle>
        <bundle>mvn:org.scala-lang.modules/scala-java8-compat_2.12/0.8.0</bundle>
        <bundle>mvn:com.typesafe.akka/akka-cluster_2.12/2.5.11</bundle>
        <bundle>mvn:com.typesafe.akka/akka-remote_2.12/2.5.11</bundle>
        <bundle>mvn:com.typesafe.akka/akka-stream_2.12/2.5.11</bundle>
        <bundle>mvn:org.reactivestreams/reactive-streams/1.0.1</bundle>
        <bundle>mvn:com.typesafe/ssl-config-core_2.12/0.2.2</bundle>
        <bundle>mvn:org.scala-lang.modules/scala-parser-combinators_2.12/1.0.7</bundle>
        <bundle>mvn:com.typesafe.akka/akka-protobuf_2.12/2.5.11</bundle>
        <bundle>mvn:io.netty/netty/3.10.6.Final</bundle>
        <bundle>mvn:io.aeron/aeron-driver/1.7.0</bundle>
        <bundle>mvn:io.aeron/aeron-client/1.7.0</bundle>
        <bundle>mvn:org.agrona/agrona/0.9.12</bundle>
        <bundle>wrap:mvn:org.java-websocket/Java-WebSocket/1.3.8</bundle>
        <bundle>mvn:org.opendaylight.yangtools/yang-common/2.0.6.1</bundle>
        <bundle>mvn:org.opendaylight.controller/config-api/0.8.3</bundle>
        <bundle>mvn:org.opendaylight.mdsal/yang-binding/0.12.3</bundle>
        <bundle>mvn:org.opendaylight.yangtools/util/2.0.6.1</bundle>
        <bundle>mvn:org.opendaylight.yangtools/triemap/1.0.6.1</bundle>
        <bundle>wrap:mvn:org.onap.ccsdk.features.sdnr.wt/sdnr-wt-websocketmanager-model/0.4.0-SNAPSHOT</bundle>
        <bundle>mvn:org.opendaylight.mdsal.model/ietf-inet-types/2010.09.24.12.3</bundle>
        <bundle>mvn:org.opendaylight.mdsal.model/ietf-type-util/2.0.3</bundle>
        <bundle>mvn:org.opendaylight.mdsal.model/ietf-yang-types/2010.09.24.12.3</bundle>
    </feature>
</features>
