<?xml version="1.0" encoding="UTF-8"?>
<metadata modelVersion="1.1.0">
  <groupId>org.onap.ccsdk.features.sdnr.wt</groupId>
  <artifactId>sdnr-wt-apigateway-provider</artifactId>
  <version>0.4.0-SNAPSHOT</version>
  <versioning>
    <snapshot>
      <localCopy>true</localCopy>
    </snapshot>
    <lastUpdated>20181113084459</lastUpdated>
    <snapshotVersions>
      <snapshotVersion>
        <extension>jar</extension>
        <value>0.4.0-SNAPSHOT</value>
        <updated>20181113084459</updated>
      </snapshotVersion>
    </snapshotVersions>
  </versioning>
</metadata>
