<?xml version="1.0" encoding="UTF-8" standalone="yes"?>
<features xmlns="http://karaf.apache.org/xmlns/features/v1.4.0" name="sdnr-northbound-all">
    <repository>mvn:org.onap.ccsdk.features.sdnr.northbound/sdnr-helloworld/0.4.0-SNAPSHOT/xml/features</repository>
    <repository>mvn:org.onap.ccsdk.features.sdnr.northbound/sdnr-goodbyeworld/0.4.0-SNAPSHOT/xml/features</repository>
    <feature name="sdnr-northbound-all" description="ccsdk-features-sdnr-northbound :: features :: sdnr-northbound-all" version="0.4.0.SNAPSHOT">
        <details>Root POM to be used in place of odlparent for CCSDK based projects</details>
        <feature version="0.4.0.SNAPSHOT" prerequisite="false" dependency="false">sdnr-helloworld</feature>
        <feature version="0.4.0.SNAPSHOT" prerequisite="false" dependency="false">sdnr-goodbyeworld</feature>
    </feature>
</features>
